<keymap version="1" name="Default copy" parent="$default">
  <action id="Adtui.ZoomInAction">
    <keyboard-shortcut first-keystroke="ctrl add" />
  </action>
  <action id="BuildArtifact">
    <keyboard-shortcut first-keystroke="shift f20" />
  </action>
  <action id="EditorAddRectangularSelectionOnMouseDrag" />
  <action id="EditorDecreaseFontSize">
    <keyboard-shortcut first-keystroke="ctrl minus" />
  </action>
  <action id="EditorIncreaseFontSize">
    <keyboard-shortcut first-keystroke="ctrl equals" />
  </action>
  <action id="ExpandAll">
    <keyboard-shortcut first-keystroke="ctrl add" />
  </action>
  <action id="ExpandExpandableComponent">
    <keyboard-shortcut first-keystroke="shift enter" />
    <keyboard-shortcut first-keystroke="ctrl add" />
  </action>
  <action id="ExpandRegion">
    <keyboard-shortcut first-keystroke="ctrl add" />
  </action>
  <action id="ExternalSystem.ExpandAll">
    <keyboard-shortcut first-keystroke="ctrl add" />
  </action>
  <action id="GotoImplementation">
    <mouse-shortcut keystroke="control alt button1" />
    <keyboard-shortcut first-keystroke="ctrl alt w" />
  </action>
  <action id="Images.Editor.ZoomIn">
    <keyboard-shortcut first-keystroke="ctrl add" />
  </action>
  <action id="Maven.ExpandAll">
    <keyboard-shortcut first-keystroke="ctrl add" />
  </action>
  <action id="Maven_ccc7e851MasterMicroTopologyAPIfe98d8b9test">
    <keyboard-shortcut first-keystroke="shift f5" />
  </action>
  <action id="OpenEditorInOppositeTabGroup">
    <mouse-shortcut keystroke="shift control alt button1" />
    <keyboard-shortcut first-keystroke="shift ctrl alt enter" />
  </action>
</keymap>