<application>
  <component name="FileTypeManager" version="18">
    <extensionMap>
      <mapping pattern="org" type="PLAIN_TEXT" />
      <mapping ext="ile" type="PLAIN_TEXT" />
      <mapping ext="sys" type="PLAIN_TEXT" />
      <mapping ext="ser" type="PLAIN_TEXT" />
      <removed_mapping ext="apk" approved="true" type="ARCHIVE" />
      <removed_mapping ext="psd" approved="true" type="Image" />
      <mapping ext="db" type="DBN-SQL" />
      <mapping ext="plantuml" type="PlantUML file" />
    </extensionMap>
  </component>
</application>