<application>
  <component name="FindSettings">
    <option name="customScope" value="whole_project" />
    <option name="defaultScopeName" value="whole_project" />
    <option name="localRegularExpressions" value="true" />
    <option name="skipResultsWithOneUsage" value="true" />
    <option name="SKIP_RESULTS_WHEN_ONE_USAGE" value="true" />
    <option name="LOCAL_REGULAR_EXPRESSIONS" value="true" />
    <option name="SEARCH_SCOPE" value="whole_project" />
    <option name="FILE_MASK" value="*.java" />
    <mask>*.java</mask>
  </component>
</application>