<application>
  <component name="LangManager">
    <option name="languageName" value="JAVA" />
  </component>
  <component name="LessonStateBase">
    <option name="map">
      <map>
        <entry key="actions" value="NOT_PASSED" />
        <entry key="basic completion" value="NOT_PASSED" />
        <entry key="codeassistance.codeformatting" value="NOT_PASSED" />
        <entry key="codeassistance.editorcodingassistance" value="NOT_PASSED" />
        <entry key="codeassistance.localhistory" value="NOT_PASSED" />
        <entry key="codeassistance.parameterinfo" value="NOT_PASSED" />
        <entry key="codeassistance.quickpopups" value="NOT_PASSED" />
        <entry key="collapse" value="NOT_PASSED" />
        <entry key="comment line" value="NOT_PASSED" />
        <entry key="completion with tab" value="NOT_PASSED" />
        <entry key="context.actions" value="NOT_PASSED" />
        <entry key="declaration and usages" value="NOT_PASSED" />
        <entry key="duplicate" value="NOT_PASSED" />
        <entry key="extract variable" value="NOT_PASSED" />
        <entry key="file structure" value="NOT_PASSED" />
        <entry key="find in files" value="NOT_PASSED" />
        <entry key="git.annotate" value="NOT_PASSED" />
        <entry key="git.basicworkflow" value="NOT_PASSED" />
        <entry key="git.changelistsandshelf" value="NOT_PASSED" />
        <entry key="git.commit" value="NOT_PASSED" />
        <entry key="git.interactiverebase" value="NOT_PASSED" />
        <entry key="git.projecthistory" value="NOT_PASSED" />
        <entry key="git.quickstart" value="NOT_PASSED" />
        <entry key="java.debug.workflow" value="NOT_PASSED" />
        <entry key="java.inheritance.hierarchy.lesson" value="NOT_PASSED" />
        <entry key="java.occurrences.lesson" value="NOT_PASSED" />
        <entry key="java.onboarding" value="NOT_PASSED" />
        <entry key="java.refactoring.menu" value="NOT_PASSED" />
        <entry key="java.run.configuration" value="NOT_PASSED" />
        <entry key="move" value="NOT_PASSED" />
        <entry key="multiple selections" value="NOT_PASSED" />
        <entry key="postfix completion" value="NOT_PASSED" />
        <entry key="recent files and locations" value="NOT_PASSED" />
        <entry key="refactorings.extractmethod" value="NOT_PASSED" />
        <entry key="refactorings.rename" value="NOT_PASSED" />
        <entry key="search everywhere" value="NOT_PASSED" />
        <entry key="select" value="NOT_PASSED" />
        <entry key="smart type completion" value="NOT_PASSED" />
        <entry key="statement completion" value="NOT_PASSED" />
        <entry key="surround and unwrap" value="NOT_PASSED" />
      </map>
    </option>
  </component>
  <component name="StatisticBase">
    <option name="persistedLessonId2State">
      <map>
        <entry key="CodeAssistance.CodeFormatting">
          <value>
            <StatisticData>
              <option name="state" value="PASSED" />
              <option name="timestamp" value="23355" />
            </StatisticData>
          </value>
        </entry>
        <entry key="CodeAssistance.EditorCodingAssistance">
          <value>
            <StatisticData>
              <option name="state" value="PASSED" />
              <option name="timestamp" value="101923" />
            </StatisticData>
          </value>
        </entry>
        <entry key="CodeAssistance.ParameterInfo">
          <value>
            <StatisticData>
              <option name="state" value="PASSED" />
              <option name="timestamp" value="11695" />
            </StatisticData>
          </value>
        </entry>
        <entry key="CodeAssistance.QuickPopups">
          <value>
            <StatisticData>
              <option name="state" value="PASSED" />
              <option name="timestamp" value="30456" />
            </StatisticData>
          </value>
        </entry>
        <entry key="Completions.BasicCompletion">
          <value>
            <StatisticData>
              <option name="state" value="PASSED" />
              <option name="timestamp" value="72930" />
            </StatisticData>
          </value>
        </entry>
        <entry key="Completions.CompletionwithTab">
          <value>
            <StatisticData>
              <option name="state" value="PASSED" />
              <option name="timestamp" value="25900" />
            </StatisticData>
          </value>
        </entry>
        <entry key="Completions.SmartTypeCompletion">
          <value>
            <StatisticData>
              <option name="state" value="PASSED" />
              <option name="timestamp" value="41660" />
            </StatisticData>
          </value>
        </entry>
        <entry key="Completions.StatementCompletion">
          <value>
            <StatisticData>
              <option name="state" value="PASSED" />
              <option name="timestamp" value="72745" />
            </StatisticData>
          </value>
        </entry>
        <entry key="EditorBasics.Collapse">
          <value>
            <StatisticData>
              <option name="state" value="PASSED" />
              <option name="timestamp" value="55267" />
            </StatisticData>
          </value>
        </entry>
        <entry key="EditorBasics.CommentLine">
          <value>
            <StatisticData>
              <option name="state" value="PASSED" />
              <option name="timestamp" value="27483" />
            </StatisticData>
          </value>
        </entry>
        <entry key="EditorBasics.DeleteLine">
          <value>
            <StatisticData>
              <option name="state" value="PASSED" />
              <option name="timestamp" value="15810" />
            </StatisticData>
          </value>
        </entry>
        <entry key="EditorBasics.Duplicate">
          <value>
            <StatisticData>
              <option name="state" value="PASSED" />
              <option name="timestamp" value="22643" />
            </StatisticData>
          </value>
        </entry>
        <entry key="EditorBasics.Move">
          <value>
            <StatisticData>
              <option name="state" value="PASSED" />
              <option name="timestamp" value="39752" />
            </StatisticData>
          </value>
        </entry>
        <entry key="EditorBasics.MultipleSelections">
          <value>
            <StatisticData>
              <option name="state" value="PASSED" />
              <option name="timestamp" value="40612" />
            </StatisticData>
          </value>
        </entry>
        <entry key="EditorBasics.Selection">
          <value>
            <StatisticData>
              <option name="state" value="PASSED" />
              <option name="timestamp" value="43540" />
            </StatisticData>
          </value>
        </entry>
        <entry key="Navigation.Declaration/Implementation">
          <value>
            <StatisticData>
              <option name="state" value="STARTED" />
              <option name="timestamp" value="1552250579062" />
            </StatisticData>
          </value>
        </entry>
        <entry key="Navigation.FileStructure">
          <value>
            <StatisticData>
              <option name="state" value="PASSED" />
              <option name="timestamp" value="6020" />
            </StatisticData>
          </value>
        </entry>
        <entry key="Navigation.JumptoSource">
          <value>
            <StatisticData>
              <option name="state" value="PASSED" />
              <option name="timestamp" value="25262" />
            </StatisticData>
          </value>
        </entry>
        <entry key="Navigation.Next/PreviousOccurrences">
          <value>
            <StatisticData>
              <option name="state" value="PASSED" />
              <option name="timestamp" value="40985" />
            </StatisticData>
          </value>
        </entry>
        <entry key="Refactorings.ExtractMethod">
          <value>
            <StatisticData>
              <option name="state" value="STARTED" />
              <option name="timestamp" value="1552165373929" />
            </StatisticData>
          </value>
        </entry>
        <entry key="Refactorings.ExtractVariable/Field">
          <value>
            <StatisticData>
              <option name="state" value="PASSED" />
              <option name="timestamp" value="21234" />
            </StatisticData>
          </value>
        </entry>
        <entry key="Refactorings.RefactoringBasics">
          <value>
            <StatisticData>
              <option name="state" value="STARTED" />
              <option name="timestamp" value="1552250303782" />
            </StatisticData>
          </value>
        </entry>
        <entry key="Refactorings.Rename">
          <value>
            <StatisticData>
              <option name="state" value="PASSED" />
              <option name="timestamp" value="2158246" />
            </StatisticData>
          </value>
        </entry>
      </map>
    </option>
  </component>
</application>