<application>
  <component name="ProjectJdkTable">
    <jdk version="2">
      <name value="Remote-rbenv: ruby-3.1.2-p20" />
      <type value="RUBY_SDK" />
      <version value="ver.3.1.2p20 ( revision 4491bb740a) p20" />
      <homePath value="\\wsl$\Ubuntu-20.04/home/karim/.rbenv/versions/3.1.2/bin/ruby" />
      <roots>
        <classPath>
          <root type="composite">
            <root url="file://$APPLICATION_HOME_DIR$/plugins/ruby/rubystubs/rubystubs31" type="simple" />
            <root url="file://$USER_HOME$/AppData/Local/JetBrains/RubyMine2022.2/ruby_stubs/1763209540/home/karim/.rbenv/versions/3.1.2/lib/ruby/gems/3.1.0/gems" type="simple" />
            <root url="file://$USER_HOME$/AppData/Local/JetBrains/RubyMine2022.2/ruby_stubs/1763209540/home/karim/.gem/ruby/3.1.0/gems" type="simple" />
            <root url="file://$USER_HOME$/AppData/Local/JetBrains/RubyMine2022.2/ruby_stubs/1763209540/home/karim/.rbenv/versions/3.1.2/lib/ruby/site_ruby" type="simple" />
            <root url="file://$USER_HOME$/AppData/Local/JetBrains/RubyMine2022.2/ruby_stubs/1763209540/home/karim/.rbenv/versions/3.1.2/lib/ruby/vendor_ruby" type="simple" />
            <root url="file://$USER_HOME$/AppData/Local/JetBrains/RubyMine2022.2/ruby_stubs/1763209540/home/karim/.rbenv/versions/3.1.2/lib/ruby/3.1.0" type="simple" />
          </root>
        </classPath>
        <sourcePath>
          <root type="composite">
            <root url="file://$USER_HOME$/AppData/Local/JetBrains/RubyMine2022.2/ruby_stubs/1763209540/home/karim/.rbenv/versions/3.1.2/lib/ruby/gems/3.1.0/gems" type="simple" />
            <root url="file://$USER_HOME$/AppData/Local/JetBrains/RubyMine2022.2/ruby_stubs/1763209540/home/karim/.gem/ruby/3.1.0/gems" type="simple" />
            <root url="file://$USER_HOME$/AppData/Local/JetBrains/RubyMine2022.2/ruby_stubs/1763209540/home/karim/.rbenv/versions/3.1.2/lib/ruby/site_ruby" type="simple" />
            <root url="file://$USER_HOME$/AppData/Local/JetBrains/RubyMine2022.2/ruby_stubs/1763209540/home/karim/.rbenv/versions/3.1.2/lib/ruby/vendor_ruby" type="simple" />
            <root url="file://$USER_HOME$/AppData/Local/JetBrains/RubyMine2022.2/ruby_stubs/1763209540/home/karim/.rbenv/versions/3.1.2/lib/ruby/3.1.0" type="simple" />
            <root url="file://$APPLICATION_HOME_DIR$/plugins/ruby/rubystubs/rubystubs31" type="simple" />
          </root>
        </sourcePath>
      </roots>
      <additional NORMALIZED_VERSION_STRING="ver.3.1.2p20 ( revision 4491bb740a) p20" PLATFORM="x86_64-linux" version="1" GEMS_BIN_DIR_PATH="C:\Users\karim\AppData\Local\JetBrains\RubyMine2022.2\ruby_stubs\1763209540\home\karim\.rbenv\versions\3.1.2\bin" DATA-VERSION="2" INTERPRETER_PATH="/home/karim/.rbenv/versions/3.1.2/bin/ruby" HELPERS_PATH="" INITIALIZED="false" VALID="true" RUN_AS_ROOT_VIA_SUDO="false" AVAILABLE_FOR_NEW_PROJECTS="true" DISTRIBUTION_ID="Ubuntu-20.04">
        <VERSION_MANAGER ID="rbenv">
          <option name="gemset-name" />
          <distribution-id>3.1.2</distribution-id>
          <version-manager-path>/home/karim/.rbenv/bin/rbenv</version-manager-path>
        </VERSION_MANAGER>
        <RbConfig>
          <item key="AR" value="gcc-ar" />
          <item key="ARFLAGS" value="rcD " />
          <item key="AS" value="as" />
          <item key="ASMEXT" value="S" />
          <item key="BUILTIN_TRANSSRCS" value=" enc/trans/newline.c" />
          <item key="CC" value="gcc" />
          <item key="CCDLFLAGS" value="-fPIC" />
          <item key="CC_VERSION" value="gcc --version" />
          <item key="CC_VERSION_MESSAGE" value="gcc (Ubuntu 9.3.0-17ubuntu1~20.04) 9.3.0&#10;Copyright (C) 2019 Free Software Foundation, Inc.&#10;This is free software; see the source for copying conditions.  There is NO&#10;warranty; not even for MERCHANTABILITY or FITNESS FOR A PARTICULAR PURPOSE." />
          <item key="CFLAGS" value="-O3 -fno-fast-math -ggdb3 -Wall -Wextra -Wdeprecated-declarations -Wduplicated-cond -Wimplicit-function-declaration -Wimplicit-int -Wmisleading-indentation -Wpointer-arith -Wwrite-strings -Wimplicit-fallthrough=0 -Wmissing-noreturn -Wno-cast-function-type -Wno-constant-logical-operand -Wno-long-long -Wno-missing-field-initializers -Wno-overlength-strings -Wno-packed-bitfield-compat -Wno-parentheses-equality -Wno-self-assign -Wno-tautological-compare -Wno-unused-parameter -Wno-unused-value -Wsuggest-attribute=format -Wsuggest-attribute=noreturn -Wunused-variable -Wundef  -fPIC" />
          <item key="CHDIR" value="cd -P" />
          <item key="CONFIGURE" value="configure" />
          <item key="COUTFLAG" value="-o " />
          <item key="CP" value="cp" />
          <item key="CPP" value="gcc -E" />
          <item key="CPPFLAGS" value="-I/home/karim/.rbenv/versions/3.1.2/include   " />
          <item key="CPPOUTFILE" value="-o conftest.i" />
          <item key="CROSS_COMPILING" value="no" />
          <item key="CXX" value="g++" />
          <item key="DLDFLAGS" value="-L/home/karim/.rbenv/versions/3.1.2/lib  -Wl,--compress-debug-sections=zlib" />
          <item key="DLDLIBS" value="-lc" />
          <item key="DLDSHARED" value="gcc -shared" />
          <item key="DLEXT" value="so" />
          <item key="DLNOBJ" value="dln.o" />
          <item key="ECHO_N" value="-n" />
          <item key="EGREP" value="/usr/bin/grep -E" />
          <item key="ENABLE_SHARED" value="yes" />
          <item key="EXTOUT" value=".ext" />
          <item key="GCC" value="yes" />
          <item key="GIT" value="git" />
          <item key="GNU_LD" value="yes" />
          <item key="GREP" value="/usr/bin/grep" />
          <item key="HAVE_GIT" value="yes" />
          <item key="INSTALL" value="/usr/bin/install -c" />
          <item key="INSTALL_DATA" value="/usr/bin/install -c -m 644" />
          <item key="INSTALL_PROGRAM" value="/usr/bin/install -c" />
          <item key="INSTALL_SCRIPT" value="/usr/bin/install -c" />
          <item key="INSTALL_STATIC_LIBRARY" value="no" />
          <item key="LD" value="ld" />
          <item key="LDFLAGS" value="-L. -L/home/karim/.rbenv/versions/3.1.2/lib  -fstack-protector-strong -rdynamic -Wl,-export-dynamic -Wl,--no-as-needed" />
          <item key="LDSHARED" value="gcc -shared" />
          <item key="LDSHAREDXX" value="g++ -shared" />
          <item key="LIBEXT" value="a" />
          <item key="LIBPATHENV" value="LD_LIBRARY_PATH" />
          <item key="LIBPATHFLAG" value=" -L%1$-s" />
          <item key="LIBRUBY" value="libruby.so.3.1.2" />
          <item key="LIBRUBYARG" value="-Wl,-rpath,/home/karim/.rbenv/versions/3.1.2/lib -L/home/karim/.rbenv/versions/3.1.2/lib -lruby" />
          <item key="LIBRUBYARG_SHARED" value="-Wl,-rpath,/home/karim/.rbenv/versions/3.1.2/lib -L/home/karim/.rbenv/versions/3.1.2/lib -lruby" />
          <item key="LIBRUBYARG_STATIC" value="-Wl,-rpath,/home/karim/.rbenv/versions/3.1.2/lib -L/home/karim/.rbenv/versions/3.1.2/lib -lruby-static -lz -lpthread -lrt -lrt -ldl -lcrypt -lm " />
          <item key="LIBRUBY_A" value="libruby-static.a" />
          <item key="LIBRUBY_ALIASES" value="libruby.so.3.1 libruby.so" />
          <item key="LIBRUBY_RELATIVE" value="no" />
          <item key="LIBRUBY_SO" value="libruby.so.3.1.2" />
          <item key="LIBRUBY_SONAME" value="libruby.so.3.1" />
          <item key="LIBS" value="-lm " />
          <item key="LN_S" value="ln -s" />
          <item key="MAINLIBS" value="-lz -lpthread -lrt -lrt -ldl -lcrypt -lm " />
          <item key="MAJOR" value="3" />
          <item key="MAKEDIRS" value="/usr/bin/mkdir -p" />
          <item key="MAKEFILES" value="Makefile GNUmakefile" />
          <item key="MANTYPE" value="doc" />
          <item key="MINOR" value="1" />
          <item key="MJIT_CC" value="/usr/bin/gcc" />
          <item key="MJIT_SUPPORT" value="yes" />
          <item key="MKDIR_P" value="/usr/bin/mkdir -p" />
          <item key="NM" value="gcc-nm" />
          <item key="NULLCMD" value=":" />
          <item key="OBJCOPY" value=":" />
          <item key="OBJDUMP" value="objdump" />
          <item key="OBJEXT" value="o" />
          <item key="OUTFLAG" value="-o " />
          <item key="PACKAGE" value="ruby" />
          <item key="PATCHLEVEL" value="20" />
          <item key="PATH_SEPARATOR" value=":" />
          <item key="PKG_CONFIG" value="pkg-config" />
          <item key="POSTLINK" value=":" />
          <item key="PRELOADENV" value="LD_PRELOAD" />
          <item key="PREP" value="miniruby" />
          <item key="RANLIB" value="gcc-ranlib" />
          <item key="RI_BASE_NAME" value="ri" />
          <item key="RM" value="rm -f" />
          <item key="RMALL" value="rm -fr" />
          <item key="RMDIR" value="rmdir --ignore-fail-on-non-empty" />
          <item key="RMDIRS" value="rmdir --ignore-fail-on-non-empty -p" />
          <item key="RPATHFLAG" value=" -Wl,-rpath,%1$-s" />
          <item key="RUBYW_BASE_NAME" value="rubyw" />
          <item key="RUBY_API_VERSION" value="3.1" />
          <item key="RUBY_BASE_NAME" value="ruby" />
          <item key="RUBY_EXEC_PREFIX" value="/home/karim/.rbenv/versions/3.1.2" />
          <item key="RUBY_INSTALL_NAME" value="ruby" />
          <item key="RUBY_LIB_VERSION_STYLE" value="3&#9;/* full */" />
          <item key="RUBY_PROGRAM_VERSION" value="3.1.2" />
          <item key="RUBY_SO_NAME" value="ruby" />
          <item key="RUBY_VERSION_NAME" value="ruby-3.1.0" />
          <item key="SHELL" value="/bin/bash" />
          <item key="SOEXT" value="so" />
          <item key="SOLIBS" value="-lz -lpthread -lrt -lrt -ldl -lcrypt -lm " />
          <item key="STRIP" value="strip -S -x" />
          <item key="TEENY" value="2" />
          <item key="TEST_RUNNABLE" value="yes" />
          <item key="THREAD_MODEL" value="pthread" />
          <item key="UNICODE_EMOJI_VERSION" value="13.1" />
          <item key="UNICODE_VERSION" value="13.0.0" />
          <item key="WERRORFLAG" value="-Werror" />
          <item key="arch" value="x86_64-linux" />
          <item key="archdir" value="/home/karim/.rbenv/versions/3.1.2/lib/ruby/3.1.0/x86_64-linux" />
          <item key="archincludedir" value="/home/karim/.rbenv/versions/3.1.2/include/x86_64-linux" />
          <item key="archlibdir" value="/home/karim/.rbenv/versions/3.1.2/lib/x86_64-linux" />
          <item key="bindir" value="/home/karim/.rbenv/versions/3.1.2/bin" />
          <item key="build" value="x86_64-pc-linux-gnu" />
          <item key="build_cpu" value="x86_64" />
          <item key="build_os" value="linux-gnu" />
          <item key="build_vendor" value="pc" />
          <item key="cflags" value="-O3 -fno-fast-math -ggdb3 -Wall -Wextra -Wdeprecated-declarations -Wduplicated-cond -Wimplicit-function-declaration -Wimplicit-int -Wmisleading-indentation -Wpointer-arith -Wwrite-strings -Wimplicit-fallthrough=0 -Wmissing-noreturn -Wno-cast-function-type -Wno-constant-logical-operand -Wno-long-long -Wno-missing-field-initializers -Wno-overlength-strings -Wno-packed-bitfield-compat -Wno-parentheses-equality -Wno-self-assign -Wno-tautological-compare -Wno-unused-parameter -Wno-unused-value -Wsuggest-attribute=format -Wsuggest-attribute=noreturn -Wunused-variable -Wundef" />
          <item key="configure_args" value=" '--prefix=/home/karim/.rbenv/versions/3.1.2' '--enable-shared' 'LDFLAGS=-L/home/karim/.rbenv/versions/3.1.2/lib ' 'CPPFLAGS=-I/home/karim/.rbenv/versions/3.1.2/include '" />
          <item key="datadir" value="/home/karim/.rbenv/versions/3.1.2/share" />
          <item key="datarootdir" value="/home/karim/.rbenv/versions/3.1.2/share" />
          <item key="debugflags" value="-ggdb3" />
          <item key="docdir" value="/home/karim/.rbenv/versions/3.1.2/share/doc/ruby" />
          <item key="dvidir" value="/home/karim/.rbenv/versions/3.1.2/share/doc/ruby" />
          <item key="exec" value="exec" />
          <item key="exec_prefix" value="/home/karim/.rbenv/versions/3.1.2" />
          <item key="host" value="x86_64-pc-linux-gnu" />
          <item key="host_cpu" value="x86_64" />
          <item key="host_os" value="linux" />
          <item key="host_vendor" value="pc" />
          <item key="htmldir" value="/home/karim/.rbenv/versions/3.1.2/share/doc/ruby" />
          <item key="includedir" value="/home/karim/.rbenv/versions/3.1.2/include" />
          <item key="infodir" value="/home/karim/.rbenv/versions/3.1.2/share/info" />
          <item key="libdir" value="/home/karim/.rbenv/versions/3.1.2/lib" />
          <item key="libdirname" value="libdir" />
          <item key="libexecdir" value="/home/karim/.rbenv/versions/3.1.2/libexec" />
          <item key="localedir" value="/home/karim/.rbenv/versions/3.1.2/share/locale" />
          <item key="localstatedir" value="/home/karim/.rbenv/versions/3.1.2/var" />
          <item key="mandir" value="/home/karim/.rbenv/versions/3.1.2/share/man" />
          <item key="oldincludedir" value="/usr/include" />
          <item key="optflags" value="-O3 -fno-fast-math" />
          <item key="pdfdir" value="/home/karim/.rbenv/versions/3.1.2/share/doc/ruby" />
          <item key="platform" value="x86_64-linux" />
          <item key="prefix" value="/home/karim/.rbenv/versions/3.1.2" />
          <item key="psdir" value="/home/karim/.rbenv/versions/3.1.2/share/doc/ruby" />
          <item key="ridir" value="/home/karim/.rbenv/versions/3.1.2/share/ri" />
          <item key="ruby_install_name" value="ruby" />
          <item key="ruby_pc" value="ruby-3.1.pc" />
          <item key="ruby_version" value="3.1.0" />
          <item key="rubyarchdir" value="/home/karim/.rbenv/versions/3.1.2/lib/ruby/3.1.0/x86_64-linux" />
          <item key="rubyarchhdrdir" value="/home/karim/.rbenv/versions/3.1.2/include/ruby-3.1.0/x86_64-linux" />
          <item key="rubyarchprefix" value="/home/karim/.rbenv/versions/3.1.2/lib/ruby/x86_64-linux" />
          <item key="rubyhdrdir" value="/home/karim/.rbenv/versions/3.1.2/include/ruby-3.1.0" />
          <item key="rubylibdir" value="/home/karim/.rbenv/versions/3.1.2/lib/ruby/3.1.0" />
          <item key="rubylibprefix" value="/home/karim/.rbenv/versions/3.1.2/lib/ruby" />
          <item key="rubysitearchprefix" value="/home/karim/.rbenv/versions/3.1.2/lib/ruby/x86_64-linux" />
          <item key="runstatedir" value="/home/karim/.rbenv/versions/3.1.2/var/run" />
          <item key="sbindir" value="/home/karim/.rbenv/versions/3.1.2/sbin" />
          <item key="setup" value="Setup" />
          <item key="sharedstatedir" value="/home/karim/.rbenv/versions/3.1.2/com" />
          <item key="sitearch" value="x86_64-linux" />
          <item key="sitearchdir" value="/home/karim/.rbenv/versions/3.1.2/lib/ruby/site_ruby/3.1.0/x86_64-linux" />
          <item key="sitearchhdrdir" value="/home/karim/.rbenv/versions/3.1.2/include/ruby-3.1.0/site_ruby/x86_64-linux" />
          <item key="sitearchincludedir" value="/home/karim/.rbenv/versions/3.1.2/include/x86_64-linux" />
          <item key="sitearchlibdir" value="/home/karim/.rbenv/versions/3.1.2/lib/x86_64-linux" />
          <item key="sitedir" value="/home/karim/.rbenv/versions/3.1.2/lib/ruby/site_ruby" />
          <item key="sitehdrdir" value="/home/karim/.rbenv/versions/3.1.2/include/ruby-3.1.0/site_ruby" />
          <item key="sitelibdir" value="/home/karim/.rbenv/versions/3.1.2/lib/ruby/site_ruby/3.1.0" />
          <item key="strict_warnflags" value="-std=gnu99" />
          <item key="sysconfdir" value="/home/karim/.rbenv/versions/3.1.2/etc" />
          <item key="target" value="x86_64-pc-linux-gnu" />
          <item key="target_cpu" value="x86_64" />
          <item key="target_os" value="linux" />
          <item key="target_vendor" value="pc" />
          <item key="topdir" value="/home/karim/.rbenv/versions/3.1.2/lib/ruby/3.1.0/x86_64-linux" />
          <item key="vendorarchdir" value="/home/karim/.rbenv/versions/3.1.2/lib/ruby/vendor_ruby/3.1.0/x86_64-linux" />
          <item key="vendorarchhdrdir" value="/home/karim/.rbenv/versions/3.1.2/include/ruby-3.1.0/vendor_ruby/x86_64-linux" />
          <item key="vendordir" value="/home/karim/.rbenv/versions/3.1.2/lib/ruby/vendor_ruby" />
          <item key="vendorhdrdir" value="/home/karim/.rbenv/versions/3.1.2/include/ruby-3.1.0/vendor_ruby" />
          <item key="vendorlibdir" value="/home/karim/.rbenv/versions/3.1.2/lib/ruby/vendor_ruby/3.1.0" />
          <item key="warnflags" value="-Wall -Wextra -Wdeprecated-declarations -Wduplicated-cond -Wimplicit-function-declaration -Wimplicit-int -Wmisleading-indentation -Wpointer-arith -Wwrite-strings -Wimplicit-fallthrough=0 -Wmissing-noreturn -Wno-cast-function-type -Wno-constant-logical-operand -Wno-long-long -Wno-missing-field-initializers -Wno-overlength-strings -Wno-packed-bitfield-compat -Wno-parentheses-equality -Wno-self-assign -Wno-tautological-compare -Wno-unused-parameter -Wno-unused-value -Wsuggest-attribute=format -Wsuggest-attribute=noreturn -Wunused-variable -Wundef" />
        </RbConfig>
        <GEMS_ROOTS_URLS_ROOT GEMS_ROOTS_URL="file://$USER_HOME$/AppData/Local/JetBrains/RubyMine2022.2/ruby_stubs/1763209540/home/karim/.rbenv/versions/3.1.2/lib/ruby/gems/3.1.0/gems" />
        <GEMS_ROOTS_URLS_ROOT GEMS_ROOTS_URL="file://$USER_HOME$/AppData/Local/JetBrains/RubyMine2022.2/ruby_stubs/1763209540/home/karim/.rbenv/versions/3.1.2/lib/ruby/gems/3.1.0/bundler/gems" />
        <GEMS_ROOTS_URLS_ROOT GEMS_ROOTS_URL="file://$USER_HOME$/AppData/Local/JetBrains/RubyMine2022.2/ruby_stubs/1763209540/home/karim/.gem/ruby/3.1.0/gems" />
        <GEMS_ROOTS_URLS_ROOT GEMS_ROOTS_URL="file://$USER_HOME$/AppData/Local/JetBrains/RubyMine2022.2/ruby_stubs/1763209540/home/karim/.gem/ruby/3.1.0/bundler/gems" />
        <PathMappingSettings>
          <option name="pathMappings">
            <list>
              <mapping local-root="$USER_HOME$/AppData/Local/JetBrains/RubyMine2022.2/ruby_stubs/1763209540/home/karim/.rbenv/versions/3.1.2/lib/ruby/gems/3.1.0/bin" remote-root="/home/karim/.rbenv/versions/3.1.2/lib/ruby/gems/3.1.0/bin" />
              <mapping local-root="$USER_HOME$/AppData/Local/JetBrains/RubyMine2022.2/ruby_stubs/1763209540/home/karim/.rbenv/versions/3.1.2/lib/ruby/gems/3.1.0/gems" remote-root="/home/karim/.rbenv/versions/3.1.2/lib/ruby/gems/3.1.0/gems" />
              <mapping local-root="$USER_HOME$/AppData/Local/JetBrains/RubyMine2022.2/ruby_stubs/1763209540/home/karim/.rbenv/versions/3.1.2/lib/ruby/gems/3.1.0/specifications" remote-root="/home/karim/.rbenv/versions/3.1.2/lib/ruby/gems/3.1.0/specifications" />
              <mapping local-root="$USER_HOME$/AppData/Local/JetBrains/RubyMine2022.2/ruby_stubs/1763209540/home/karim/.rbenv/versions/3.1.2/lib/ruby/gems/3.1.0/bundler" remote-root="/home/karim/.rbenv/versions/3.1.2/lib/ruby/gems/3.1.0/bundler" />
              <mapping local-root="$USER_HOME$/AppData/Local/JetBrains/RubyMine2022.2/ruby_stubs/1763209540/home/karim/.gem/ruby/3.1.0/bin" remote-root="/home/karim/.gem/ruby/3.1.0/bin" />
              <mapping local-root="$USER_HOME$/AppData/Local/JetBrains/RubyMine2022.2/ruby_stubs/1763209540/home/karim/.gem/ruby/3.1.0/gems" remote-root="/home/karim/.gem/ruby/3.1.0/gems" />
              <mapping local-root="$USER_HOME$/AppData/Local/JetBrains/RubyMine2022.2/ruby_stubs/1763209540/home/karim/.gem/ruby/3.1.0/specifications" remote-root="/home/karim/.gem/ruby/3.1.0/specifications" />
              <mapping local-root="$USER_HOME$/AppData/Local/JetBrains/RubyMine2022.2/ruby_stubs/1763209540/home/karim/.gem/ruby/3.1.0/bundler" remote-root="/home/karim/.gem/ruby/3.1.0/bundler" />
              <mapping local-root="$USER_HOME$/AppData/Local/JetBrains/RubyMine2022.2/ruby_stubs/1763209540/home/karim/.rbenv/versions/3.1.2/bin" remote-root="/home/karim/.rbenv/versions/3.1.2/bin" />
              <mapping local-root="$USER_HOME$/AppData/Local/JetBrains/RubyMine2022.2/ruby_stubs/1763209540/home/karim/.rbenv/versions/3.1.2/lib/ruby/site_ruby" remote-root="/home/karim/.rbenv/versions/3.1.2/lib/ruby/site_ruby" />
              <mapping local-root="$USER_HOME$/AppData/Local/JetBrains/RubyMine2022.2/ruby_stubs/1763209540/home/karim/.rbenv/versions/3.1.2/lib/ruby/vendor_ruby" remote-root="/home/karim/.rbenv/versions/3.1.2/lib/ruby/vendor_ruby" />
              <mapping local-root="$USER_HOME$/AppData/Local/JetBrains/RubyMine2022.2/ruby_stubs/1763209540/home/karim/.rbenv/versions/3.1.2/lib/ruby/3.1.0" remote-root="/home/karim/.rbenv/versions/3.1.2/lib/ruby/3.1.0" />
            </list>
          </option>
        </PathMappingSettings>
        <PathMappingSettings>
          <option name="pathMappings">
            <list>
              <mapping local-root="$USER_HOME$/AppData/Local/JetBrains/RubyMine2022.2/ruby_stubs/1763209540/home/karim/.rbenv/versions/3.1.2/lib/ruby/gems/3.1.0/bin" remote-root="/home/karim/.rbenv/versions/3.1.2/lib/ruby/gems/3.1.0/bin" />
              <mapping local-root="$USER_HOME$/AppData/Local/JetBrains/RubyMine2022.2/ruby_stubs/1763209540/home/karim/.rbenv/versions/3.1.2/lib/ruby/gems/3.1.0/gems" remote-root="/home/karim/.rbenv/versions/3.1.2/lib/ruby/gems/3.1.0/gems" />
              <mapping local-root="$USER_HOME$/AppData/Local/JetBrains/RubyMine2022.2/ruby_stubs/1763209540/home/karim/.rbenv/versions/3.1.2/lib/ruby/gems/3.1.0/specifications" remote-root="/home/karim/.rbenv/versions/3.1.2/lib/ruby/gems/3.1.0/specifications" />
              <mapping local-root="$USER_HOME$/AppData/Local/JetBrains/RubyMine2022.2/ruby_stubs/1763209540/home/karim/.rbenv/versions/3.1.2/lib/ruby/gems/3.1.0/bundler" remote-root="/home/karim/.rbenv/versions/3.1.2/lib/ruby/gems/3.1.0/bundler" />
              <mapping local-root="$USER_HOME$/AppData/Local/JetBrains/RubyMine2022.2/ruby_stubs/1763209540/home/karim/.gem/ruby/3.1.0/bin" remote-root="/home/karim/.gem/ruby/3.1.0/bin" />
              <mapping local-root="$USER_HOME$/AppData/Local/JetBrains/RubyMine2022.2/ruby_stubs/1763209540/home/karim/.gem/ruby/3.1.0/gems" remote-root="/home/karim/.gem/ruby/3.1.0/gems" />
              <mapping local-root="$USER_HOME$/AppData/Local/JetBrains/RubyMine2022.2/ruby_stubs/1763209540/home/karim/.gem/ruby/3.1.0/specifications" remote-root="/home/karim/.gem/ruby/3.1.0/specifications" />
              <mapping local-root="$USER_HOME$/AppData/Local/JetBrains/RubyMine2022.2/ruby_stubs/1763209540/home/karim/.gem/ruby/3.1.0/bundler" remote-root="/home/karim/.gem/ruby/3.1.0/bundler" />
              <mapping local-root="$USER_HOME$/AppData/Local/JetBrains/RubyMine2022.2/ruby_stubs/1763209540/home/karim/.rbenv/versions/3.1.2/bin" remote-root="/home/karim/.rbenv/versions/3.1.2/bin" />
              <mapping local-root="$USER_HOME$/AppData/Local/JetBrains/RubyMine2022.2/ruby_stubs/1763209540/home/karim/.rbenv/versions/3.1.2/lib/ruby/site_ruby" remote-root="/home/karim/.rbenv/versions/3.1.2/lib/ruby/site_ruby" />
              <mapping local-root="$USER_HOME$/AppData/Local/JetBrains/RubyMine2022.2/ruby_stubs/1763209540/home/karim/.rbenv/versions/3.1.2/lib/ruby/vendor_ruby" remote-root="/home/karim/.rbenv/versions/3.1.2/lib/ruby/vendor_ruby" />
              <mapping local-root="$USER_HOME$/AppData/Local/JetBrains/RubyMine2022.2/ruby_stubs/1763209540/home/karim/.rbenv/versions/3.1.2/lib/ruby/3.1.0" remote-root="/home/karim/.rbenv/versions/3.1.2/lib/ruby/3.1.0" />
            </list>
          </option>
        </PathMappingSettings>
      </additional>
    </jdk>
  </component>
</application>